<?xml version="1.0" encoding="UTF-8"?>
<project-private xmlns="http://www.netbeans.org/ns/project-private/1">
    <editor-bookmarks xmlns="http://www.netbeans.org/ns/editor-bookmarks/2" lastBookmarkId="0"/>
    <open-files xmlns="http://www.netbeans.org/ns/projectui-open-files/2">
        <group>
            <file>file:/C:/Users/HP/Documents/NetBeansProjects/Online%20Exam/src/OXS/ModifyQ.java</file>
            <file>file:/C:/Users/HP/Documents/NetBeansProjects/Online%20Exam/src/OXS/Quiz.java</file>
            <file>file:/C:/Users/HP/Documents/NetBeansProjects/Online%20Exam/src/OXS/Result.java</file>
            <file>file:/C:/Users/HP/Documents/NetBeansProjects/Online%20Exam/src/OXS/AddQ.java</file>
            <file>file:/C:/Users/HP/Documents/NetBeansProjects/Online%20Exam/src/OXS/Login.java</file>
            <file>file:/C:/Users/HP/Documents/NetBeansProjects/Online%20Exam/src/OXS/MainT.java</file>
        </group>
    </open-files>
</project-private>
